S,B,latency_s,memory_bytes,energy_j,is_validation
32,1,0.0010463409998919815,13745664,0.04476102088167054,0
32,2,0.0003078179997828556,13761536,0.032863201094391246,0
32,4,0.00035300250056025106,13793280,0.01795529411764706,0
64,1,0.0011066084998674341,13782528,0.04847911547911549,0
32,8,0.0003348855007061502,13856256,0.045904017857142855,0
64,2,0.0002925809985754313,13835264,0.04057959714100065,0
32,9,0.00029234899920993485,13872128,0.02595064935064935,1
32,16,0.0005725675000576302,13982208,0.04981806615776081,0
64,4,0.00032938299955276307,13940736,0.024987564008778346,0
128,1,0.0002900355002566357,13929984,0.01813466494845361,0
176,1,0.00048014299954957096,14787584,0.04052985074626866,1
32,32,0.0006383625004673377,14909440,0.04896170212765957,0
64,8,0.0003356079996592598,14909440,0.028994034302759136,0
128,2,0.00029843450010957895,14909440,0.028103448275862072,0
64,9,0.0003190259994880762,15187968,0.03338979447200567,1
224,1,0.0006962699990253896,16093184,0.05444822256568779,0
32,50,0.0010673904998839134,16162816,0.06358767772511849,1
176,2,0.00030304499978228705,16893952,0.04336161616161616,1
32,64,0.0009848274994510575,17137664,0.08115973741794312,0
64,16,0.0005938514996159938,17137664,0.07550263852242745,0
128,4,0.0003310690008220263,17137664,0.037388235294117646,0
256,1,0.0002924135005741846,17137664,0.049676413255360624,0
288,1,0.0003134339995085611,18321408,0.049445682451253484,1
224,2,0.000533467499735707,19505152,0.062079383886255925,0
336,1,0.0003352294997966965,20358144,0.08061355174981384,1
176,4,0.00036230699970474234,21106688,0.06683909895414321,1
32,128,0.0004941814995618188,21594112,0.07029308452250276,0
64,32,0.0010104385000886396,21594112,0.08898206278026906,0
128,8,0.0009126499999183579,21594112,0.04079959514170041,0
256,2,0.0003365019992997986,21594112,0.052984304932735427,0
128,9,0.000582930999371456,22773760,0.05322020725388601,1
384,1,0.00034724299985100515,22773760,0.07489043209876543,0
400,1,0.00035514550017978763,23561216,0.09528548895899054,1
288,2,0.00037016700025560567,23961600,0.09780180921052632,1
224,4,0.0004334819996074657,26329088,0.09217035611164581,0
64,50,0.0006853115000922116,26607616,0.10933333333333332,1
32,209,0.0008998140001494903,27910144,0.11749900199600798,1
336,2,0.0006600545002584113,28192768,0.12131818181818183,1
176,8,0.0006948925010874518,29532160,0.1316280864197531,1
32,256,0.000610554499871796,31162368,0.1374308943089431,0
64,64,0.0009891850004351,31162368,0.12256263736263735,0
128,16,0.0007776395004839287,31162368,0.13049395509499137,0
256,4,0.0004800039987458149,31162368,0.10765351812366737,0
512,1,0.00046646550072182436,31162368,0.13407668393782382,0
176,9,0.000491857499582693,31694848,0.11921639344262296,1
384,2,0.0004886530005023815,32735232,0.11647557003257329,0
400,2,0.0006516779994854005,34441216,0.13337192474674384,1
288,4,0.0006773940003768075,35241984,0.1358812030075188,1
224,8,0.0007946380001158104,39976960,0.1563068783068783,0
224,9,0.0008150109997586696,43618304,0.17060216998191682,1
336,4,0.0008193499998014886,43618304,0.16158,1
176,16,0.0009270344999094959,47480832,0.2495843621399177,1
64,128,0.0009439549994567642,48332800,0.25745702306079665,0
128,32,0.0009699285010356107,48332800,0.22579956896551726,0
256,8,0.0008245254994108109,48332800,0.20889743589743592,0
512,2,0.0008176064993676846,48332800,0.24003085299455537,0
256,9,0.0008787085007497808,52789248,0.23367641325536062,1
384,4,0.0008617624998805695,52789248,0.219,0
400,4,0.0009163454997178633,56692736,0.24058130081300813,1
288,8,0.0009107500000027358,57802752,0.24892929292929292,1
288,9,0.001486625500547234,90247168,0.3880957095709571,1
224,16,0.0012101629999961006,67731456,0.3266827956989247,0
128,50,0.0012521754997578682,69697536,0.334075,1
64,209,0.0014191450009093387,104013824,0.30566352201257857,1
336,8,0.0016013429985832772,94445568,0.5080354609929078,1
176,32,0.0013867195002603694,81690624,0.3806646153846154,1
336,9,0.0018324294987905887,100861952,0.5070284552845529,1
64,256,0.001259745499737619,118267904,0.3366368715083799,0
128,64,0.0014697864999106969,83984384,0.5009902280130293,0
256,16,0.0014520279992211726,83984384,0.4080354838709677,0
512,4,0.0013132660005794605,83984384,0.3752594752186589,0
384,8,0.002094512500661949,105349120,0.6173581395348837,0
400,8,0.0022205594996194122,108273664,0.6459162561576355,1
288,16,0.002157536000595428,124223488,0.6652392344497607,1
384,9,0.0022638524997091736,112001024,0.8444371859296482,1
400,9,0.002441332999296719,115241984,0.7177567567567568,1
176,50,0.0019665050003823126,119635968,0.7619519650655021,1
224,32,0.0020349445003375877,122912768,0.7870900900900901,0
336,16,0.0026922589995592716,141312000,1.0478809523809525,1
176,64,0.0025049305004358757,148406272,0.9772333333333333,1
128,128,0.002698404498914897,155287552,0.8464251497005989,0
256,32,0.002704208500290406,155287552,0.8265808383233532,0
512,8,0.0024171284994736197,155287552,0.7594973262032086,0
384,16,0.0035699519994523143,174161920,1.1322834645669293,0
512,9,0.0026485465004952857,174161920,0.8531,1
224,50,0.003122007999991183,184180736,1.175848275862069,1
400,16,0.003813296500084107,188973056,1.168,1
288,32,0.004100133000065398,198410240,1.2235545454545456,1
224,64,0.003954206500566215,232095744,1.2134912280701753,0
256,50,0.003990049499407178,237076480,1.2585044247787611,1
128,209,0.004070759499882115,371687424,1.160990990990991,1
336,32,0.0048219389991572825,260407296,1.7951808510638299,1
176,128,0.0048586180000711465,284000256,1.927741935483871,1
288,50,0.006203049999385257,296386560,1.912,1
128,256,0.005646508499921765,386498560,1.5298125,0
256,64,0.005124986000737408,297893888,1.9270113636363637,0
512,16,0.005517028500435117,297893888,2.0732926829268292,0
384,32,0.0075053420005133376,333545472,2.219,0
400,32,0.008073218999925302,361824256,2.873625,1
288,64,0.007928424000056111,374702080,2.955473684210526,1
336,50,0.008512423000865965,397506560,2.4829999999999997,1
224,128,0.008534159999726398,450985984,3.2036037735849057,0
176,209,0.008003750999705517,453999616,2.040947368421053,1
336,64,0.01123595200078853,504922112,3.1832439024390244,1
384,50,0.012103747001674492,515080192,3.3688421052631576,1
176,256,0.00974387950009259,552960000,3.2534042553191487,1
400,50,0.012265484998351894,558161920,4.602405405405405,1
256,128,0.010663393499271479,583106560,3.2567441860465114,0
512,32,0.010593920500468812,583106560,3.228697674418605,0
384,64,0.014216605000910931,654409728,5.14290625,0
400,64,0.01653942400116648,709853184,4.756928571428571,1
224,209,0.011451837999629788,725782528,3.1079499999999998,1
288,128,0.0172778414998902,736198656,6.149,1
224,256,0.014755983500435832,887193600,4.821129032258065,0
512,50,0.017289911000261782,903970816,5.202407407407407,1
256,209,0.015182692500275152,945127424,5.298533333333333,1
336,128,0.02087258249957813,997031936,6.206363636363636,1
256,256,0.01866896699903009,1153531904,5.0492,0
512,64,0.020339847499599273,1153531904,7.817347826086957,0
288,209,0.024996013000418316,1192497152,6.3236842105263165,1
384,128,0.028609604500161367,1296138240,9.99775,0
400,128,0.031101758999284357,1406369792,9.0204,1
288,256,0.03235408699947584,1457618944,9.666533333333332,1
336,209,0.030508005500450963,1617159168,8.083466666666666,1
336,256,0.03986038000039116,1979023360,11.648533333333335,1
384,209,0.04349782650024281,2109243392,14.008133333333335,1
400,209,0.0464258139991216,2287516672,13.997333333333334,1
512,128,0.04049468199991679,2294382592,14.098666666666666,0
384,256,0.05277685199962434,2579595264,15.540799999999999,0
400,256,0.055973159000132,2799009792,18.000333333333334,1
512,209,0.05770396400021127,3739320320,17.0356,1
512,256,0.07054188950041862,4576083968,23.619866666666667,0
