S,B,memory_bytes,predicted_bytes,is_validation,limit_bytes
32,1,13745664,4214544,0,2147483648
32,2,13761536,4267792,0,2147483648
32,4,13793280,4374288,0,2147483648
64,1,13782528,4374288,0,2147483648
32,8,13856256,4587280,0,2147483648
64,2,13835264,4587280,0,2147483648
32,9,13872128,4640528,1,2147483648
32,16,13982208,5013264,0,2147483648
64,4,13940736,5013264,0,2147483648
128,1,13929984,5013264,0,2147483648
176,1,14787584,5772048,1,2147483648
32,32,14909440,5865232,0,2147483648
64,8,14909440,5865232,0,2147483648
128,2,14909440,5865232,0,2147483648
64,9,15187968,6078224,1,2147483648
224,1,16093184,6770448,0,2147483648
32,50,16162816,6823696,1,2147483648
176,2,16893952,7382800,1,2147483648
32,64,17137664,7569168,0,2147483648
64,16,17137664,7569168,0,2147483648
128,4,17137664,7569168,0,2147483648
256,1,17137664,7569168,0,2147483648
288,1,18321408,8474384,1,2147483648
224,2,19505152,9379600,0,2147483648
336,1,20358144,10031888,1,2147483648
176,4,21106688,10604304,1,2147483648
32,128,21594112,10977040,0,2147483648
64,32,21594112,10977040,0,2147483648
128,8,21594112,10977040,0,2147483648
256,2,21594112,10977040,0,2147483648
128,9,22773760,11829008,1,2147483648
384,1,22773760,11829008,0,2147483648
400,1,23561216,12481296,1,2147483648
288,2,23961600,12787472,1,2147483648
224,4,26329088,14597904,0,2147483648
64,50,26607616,14810896,1,2147483648
32,209,27910144,15290128,1,2147483648
336,2,28192768,15902480,1,2147483648
176,8,29532160,17047312,1,2147483648
32,256,31162368,17792784,0,2147483648
64,64,31162368,17792784,0,2147483648
128,16,31162368,17792784,0,2147483648
256,4,31162368,17792784,0,2147483648
512,1,31162368,17792784,0,2147483648
176,9,31694848,18658064,1,2147483648
384,2,32735232,19496720,0,2147483648
400,2,34441216,20801296,1,2147483648
288,4,35241984,21413648,1,2147483648
224,8,39976960,25034512,0,2147483648
224,9,43618304,27643664,1,2147483648
336,4,43618304,27643664,1,2147483648
176,16,47480832,29933328,1,2147483648
64,128,48332800,31424272,0,2147483648
128,32,48332800,31424272,0,2147483648
256,8,48332800,31424272,0,2147483648
512,2,48332800,31424272,0,2147483648
256,9,52789248,34832144,1,2147483648
384,4,52789248,34832144,0,2147483648
400,4,56692736,37441296,1,2147483648
288,8,57802752,38666000,1,2147483648
288,9,90247168,42979088,1,2147483648
224,16,67731456,45907728,0,2147483648
128,50,69697536,46759696,1,2147483648
64,209,104013824,48676624,1,2147483648
336,8,94445568,51126032,1,2147483648
176,32,81690624,55705360,1,2147483648
336,9,100861952,56996624,1,2147483648
64,256,118267904,58687248,0,2147483648
128,64,83984384,58687248,0,2147483648
256,16,83984384,58687248,0,2147483648
512,4,83984384,58687248,0,2147483648
384,8,105349120,65502992,0,2147483648
400,8,108273664,70721296,1,2147483648
288,16,124223488,73170704,1,2147483648
384,9,112001024,73170704,1,2147483648
400,9,115241984,79041296,1,2147483648
176,50,119635968,84698896,1,2147483648
224,32,122912768,87654160,0,2147483648
336,16,141312000,98090768,1,2147483648
176,64,148406272,107249424,1,2147483648
128,128,155287552,113213200,0,2147483648
256,32,155287552,113213200,0,2147483648
512,8,155287552,113213200,0,2147483648
384,16,174161920,126844688,0,2147483648
512,9,174161920,126844688,1,2147483648
224,50,184180736,134618896,1,2147483648
400,16,188973056,137281296,1,2147483648
288,32,198410240,142180112,1,2147483648
224,64,232095744,171147024,0,2147483648
256,50,237076480,174554896,1,2147483648
128,209,371687424,182222608,1,2147483648
336,32,260407296,192020240,1,2147483648
176,128,284000256,210337552,1,2147483648
288,50,296386560,219815696,1,2147483648
128,256,386498560,222265104,0,2147483648
256,64,297893888,222265104,0,2147483648
512,16,297893888,222265104,0,2147483648
384,32,333545472,249528080,0,2147483648
400,32,361824256,270401296,1,2147483648
288,64,374702080,280198928,1,2147483648
336,50,397506560,297690896,1,2147483648
224,128,450985984,338132752,0,2147483648
176,209,453999616,340808464,1,2147483648
336,64,504922112,379879184,1,2147483648
384,50,515080192,387546896,1,2147483648
176,256,552960000,416513808,1,2147483648
400,50,558161920,420161296,1,2147483648
256,128,583106560,440368912,0,2147483648
512,32,583106560,440368912,0,2147483648
384,64,654409728,494894864,0,2147483648
400,64,709853184,536641296,1,2147483648
224,209,725782528,549474064,1,2147483648
288,128,736198656,556236560,1,2147483648
224,256,887193600,672104208,0,2147483648
512,50,903970816,685735696,1,2147483648
256,209,945127424,716406544,1,2147483648
336,128,997031936,755597072,1,2147483648
256,256,1153531904,876576528,0,2147483648
512,64,1153531904,876576528,0,2147483648
288,209,1192497152,905596688,1,2147483648
384,128,1296138240,985628432,0,2147483648
400,128,1406369792,1069121296,1,2147483648
288,256,1457618944,1108311824,1,2147483648
336,209,1617159168,1231115024,1,2147483648
336,256,1979023360,1507032848,1,2147483648
384,209,2109243392,1606713104,1,2147483648
400,209,OOM,1743041296,1,2147483648
512,128,OOM,1748991760,0,2147483648
384,256,OOM,1967095568,0,2147483648
400,256,OOM,2134081296,1,2147483648
512,209,OOM,2853142288,1,2147483648
512,256,OOM,3493822224,0,2147483648
