n_tokens,method,kind,runtime_ms,op_mem_mib,oom,resident_mib,logits_fp32_mib,source
128,cce,loss-fw,2.80,1.0,0,1125.6,125.0,randn
128,torch_compile,loss-fw,2.28,62.5,0,1125.6,125.0,randn
128,baseline,loss-fw,3.15,377.0,0,1125.6,125.0,randn
128,cce,loss-bw,11.30,1127.8,0,1125.6,125.0,randn
128,torch_compile,loss-bw,9.83,1126.6,0,1125.6,125.0,randn
128,baseline,loss-bw,13.10,1000.6,0,1125.6,125.0,randn
128,cce,loss-fw-bw,9.83,1128.8,0,1125.6,125.0,randn
128,torch_compile,loss-fw-bw,8.01,1189.1,0,1125.6,125.0,randn
128,baseline,loss-fw-bw,10.89,1189.1,0,1125.6,125.0,randn
256,cce,loss-fw,4.47,1.0,0,1126.1,250.0,randn
256,torch_compile,loss-fw,5.13,126.0,0,1126.1,250.0,randn
256,baseline,loss-fw,9.88,752.0,0,1126.1,250.0,randn
256,cce,loss-bw,11.62,1128.4,0,1126.1,250.0,randn
256,torch_compile,loss-bw,7.24,1127.1,0,1126.1,250.0,randn
256,baseline,loss-bw,10.77,877.1,0,1126.1,250.0,randn
256,cce,loss-fw-bw,11.04,1129.4,0,1126.1,250.0,randn
256,torch_compile,loss-fw-bw,10.84,1253.1,0,1126.1,250.0,randn
256,baseline,loss-fw-bw,17.01,1253.1,0,1126.1,250.0,randn
512,cce,loss-fw,6.22,1.0,0,1127.2,500.0,randn
512,torch_compile,loss-fw,7.10,250.0,0,1127.2,500.0,randn
512,baseline,loss-fw,11.78,1500.0,0,1127.2,500.0,randn
512,cce,loss-bw,11.72,1129.5,0,1127.2,500.0,randn
512,torch_compile,loss-bw,12.46,1128.2,0,1127.2,500.0,randn
512,baseline,loss-bw,20.19,1000.0,0,1127.2,500.0,randn
512,cce,loss-fw-bw,16.18,1130.5,0,1127.2,500.0,randn
512,torch_compile,loss-fw-bw,19.43,1378.3,0,1127.2,500.0,randn
512,baseline,loss-fw-bw,32.91,1750.0,0,1127.2,500.0,randn
1024,cce,loss-fw,11.81,1.0,0,1129.5,1000.0,randn
1024,torch_compile,loss-fw,13.36,500.0,0,1129.5,1000.0,randn
1024,baseline,loss-fw,23.75,3000.0,0,1129.5,1000.0,randn
1024,cce,loss-bw,15.72,1131.8,0,1129.5,1000.0,randn
1024,torch_compile,loss-bw,24.09,1130.5,0,1129.5,1000.0,randn
1024,baseline,loss-bw,37.50,2000.0,0,1129.5,1000.0,randn
1024,cce,loss-fw-bw,27.19,1132.7,0,1129.5,1000.0,randn
1024,torch_compile,loss-fw-bw,37.54,1630.5,0,1129.5,1000.0,randn
1024,baseline,loss-fw-bw,62.90,3500.0,0,1129.5,1000.0,randn
2048,cce,loss-fw,23.22,1.0,0,1134.0,2000.0,randn
2048,torch_compile,loss-fw,26.08,1000.0,0,1134.0,2000.0,randn
2048,baseline,loss-fw,46.58,6000.0,0,1134.0,2000.0,randn
2048,cce,loss-bw,29.07,1136.3,0,1134.0,2000.0,randn
2048,torch_compile,loss-bw,47.85,1135.0,0,1134.0,2000.0,randn
2048,baseline,loss-bw,72.91,4000.0,0,1134.0,2000.0,randn
2048,cce,loss-fw-bw,51.52,1137.2,0,1134.0,2000.0,randn
2048,torch_compile,loss-fw-bw,73.74,2135.0,0,1134.0,2000.0,randn
2048,baseline,loss-fw-bw,123.15,7000.0,0,1134.0,2000.0,randn
4096,cce,loss-fw,45.87,1.0,0,1143.0,4000.0,randn
4096,torch_compile,loss-fw,51.02,2000.0,0,1143.0,4000.0,randn
4096,baseline,loss-fw,794.93,12000.0,0,1143.0,4000.0,randn
4096,cce,loss-bw,192.48,1145.3,0,1143.0,4000.0,randn
4096,torch_compile,loss-bw,157.67,1144.0,0,1143.0,4000.0,randn
4096,baseline,loss-bw,372.29,8000.0,0,1143.0,4000.0,randn
4096,cce,loss-fw-bw,101.26,1146.2,0,1143.0,4000.0,randn
4096,torch_compile,loss-fw-bw,140.43,3144.0,0,1143.0,4000.0,randn
4096,baseline,loss-fw-bw,711.11,14000.0,0,1143.0,4000.0,randn
8192,cce,loss-fw,91.79,1.0,0,1161.0,8000.0,randn
8192,torch_compile,loss-fw,101.99,4000.1,0,1161.0,8000.0,randn
8192,baseline,loss-fw,,,1,1161.0,8000.0,randn
8192,cce,loss-bw,111.76,1163.3,0,1161.0,8000.0,randn
8192,torch_compile,loss-bw,189.97,1161.9,0,1161.0,8000.0,randn
8192,baseline,loss-bw,,,1,1161.0,8000.0,randn
8192,cce,loss-fw-bw,210.04,1164.3,0,1161.0,8000.0,randn
8192,torch_compile,loss-fw-bw,295.71,5162.0,0,1161.0,8000.0,randn
8192,baseline,loss-fw-bw,,,1,1161.0,8000.0,randn
